Workbook

Sheet Results Log
A1: Meta-Brain vs Baseline LLM — 50 Question Benchmark | PhenexAI Research | May 2026
A2: # | B2: Category | C2: Question | D2: Baseline LLM Answer | E2: Meta-Brain Best Answer | F2: M1 Score | G2: M5 Score | H2: M6 Score | I2: Final Score | J2: Memory Quality Q(t) | K2: Winner (B=Baseline MB=MetaBrain) | L2: Human Rating 1-5 | M2: Accuracy Improvement | N2: Notes
A3: 1 | B3: Physics | C3: What is the speed of light and why is it a universal limit?
A4: 2 | B4: Physics | C4: How does quantum entanglement work?
A5: 3 | B5: Physics | C5: What is the Bekenstein bound?
A6: 4 | B6: Physics | C6: Explain the double-slit experiment.
A7: 5 | B7: Physics | C7: What is Hawking radiation?
A8: 6 | B8: Physics | C8: How does special relativity change our understanding of time?
A9: 7 | B9: Physics | C9: What is the Heisenberg uncertainty principle?
A10: 8 | B10: Physics | C10: How do black holes form?
A11: 9 | B11: Physics | C11: What is dark matter?
A12: 10 | B12: Physics | C12: Explain Landauer's principle.
A13: 11 | B13: AI & AGI | C13: What is the most important missing ingredient for AGI?
A14: 12 | B14: AI & AGI | C14: What is a world model in AI?
... A52: 50 | B52: Simulation | C52: What is the relationship between entropy and information?

Sheet Summary Stats
A1: Meta-Brain Benchmark — Summary Statistics
A2: Metric | B2: Baseline LLM | C2: Meta-Brain | D2: Improvement
A3: Average Final Score | B3: =AVERAGE('Results Log'!F3:F52) | C3: =AVERAGE('Results Log'!I3:I52) | D3: =C3-B3
A4: Average M1 Score | B4: - | C4: =AVERAGE('Results Log'!F3:F52) | D4: -
A5: Average M5 Score | B5: - | C5: =AVERAGE('Results Log'!G3:G52) | D5: -
A6: Average M6 Score | B6: - | C6: =AVERAGE('Results Log'!H3:H52) | D6: -
A7: Average Human Rating | B7: =AVERAGE('Results Log'!L3:L52) | C7: =AVERAGE('Results Log'!L3:L52) | D7: -
A8: Meta-Brain Win Rate | B8: - | C8: =COUNTIF('Results Log'!K3:K52,"MB")/50 | D8: -
A9: Baseline Win Rate | B9: - | C9: =COUNTIF('Results Log'!K3:K52,"B")/50 | D9: -
A10: Questions Completed | B10: =COUNTA('Results Log'!D3:D52) | C10: =COUNTA('Results Log'!E3:E52) | D10: -
A11: Final Memory Quality Q(t) | B11: - | C11: =MAX('Results Log'!J3:J52) | D11: -
A12: Prediction P1 Target | B12: 70% | C12: 92.96% | D12: +22.96%

Sheet By Category
A1: Performance by Question Category
A2: Category | B2: Avg M1 Score | C2: Avg Final Score | D2: Hardest for Meta-Brain?
A3: Physics | B3: =AVERAGEIF('Results Log'!B3:B52,"Physics",'Results Log'!F3:F52) | C3: =AVERAGEIF('Results Log'!B3:B52,"Physics",'Results Log'!I3:I52) | D3: Fill after running
A4: AI & AGI | B4: =AVERAGEIF('Results Log'!B3:B52,"AI & AGI",'Results Log'!F3:F52) | C4: =AVERAGEIF('Results Log'!B3:B52,"AI & AGI",'Results Log'!I3:I52) | D4: Fill after running
A5: Consciousness | B5: =AVERAGEIF('Results Log'!B3:B52,"Consciousness",'Results Log'!F3:F52) | C5: =AVERAGEIF('Results Log'!B3:B52,"Consciousness",'Results Log'!I3:I52) | D5: Fill after running
A6: Mathematics | B6: =AVERAGEIF('Results Log'!B3:B52,"Mathematics",'Results Log'!F3:F52) | C6: =AVERAGEIF('Results Log'!B3:B52,"Mathematics",'Results Log'!I3:I52) | D6: Fill after running
A7: Simulation | B7: =AVERAGEIF('Results Log'!B3:B52,"Simulation",'Results Log'!F3:F52) | C7: =AVERAGEIF('Results Log'!B3:B52,"Simulation",'Results Log'!I3:I52) | D7: Fill after running
